{
  "constraints": [
    {
      "success": true,
      "type": "unknown",
      "explanation": "无法解析该线索的具体约束类型",
      "original_clue": "23:59，管家在书房发现约翰·Q·博迪呈俯卧状，后脑有淤伤，尸温31."
    },
    {
      "success": true,
      "type": "unknown",
      "explanation": "无法解析该线索的具体约束类型",
      "original_clue": "【涉案人员】（按笔录编号排序）\n1号：格雷中士\n2号：马斯塔德上校\n3号：怀特夫人\n4号：格林先生\n5号：皮考克夫人\n6号：普拉姆教授\n7号：皮奇小姐\n\n【凶器清单】（法医编号）\n#1：左轮手枪（弹巢空置）\n#2：铅管（长38cm，两端有织物纤维）\n#3：烛台（银质，基座血型与死者不符）\n#4：马蹄铁（边缘检测到马场泥土）\n#5：毒物（蓖麻毒素残留）\n\n【空间坐标】（平面图见附录A）\nN N N  \nW 1|2|3 E\nW 4|5|6 E\nW 7|-|- E\n  S S S  \n1-7对应：1."
    },
    {
      "success": true,
      "type": "location",
      "entity1_type": "suspect",
      "entity1_value": "格雷中士",
      "entity2_type": "location",
      "entity2_value": "衣帽间",
      "explanation": "格雷中士位于衣帽间"
    },
    {
      "success": true,
      "type": "unknown",
      "explanation": "无法解析该线索的具体约束类型",
      "original_clue": "凶手身份\nB."
    },
    {
      "success": true,
      "type": "unknown",
      "explanation": "无法解析该线索的具体约束类型",
      "original_clue": "凶器编号\nC."
    }
  ]
}