{
  "constraints": [
    {
      "success": true,
      "type": "positive",
      "entity_type": "weapon",
      "value": "扳手",
      "explanation": "扳手是凶器"
    },
    {
      "success": true,
      "type": "unknown",
      "explanation": "无法解析该线索的具体约束类型",
      "original_clue": "罗丝夫人在博迪所在房间的东侧相邻房间"
    },
    {
      "success": true,
      "type": "unknown",
      "explanation": "无法解析该线索的具体约束类型",
      "original_clue": "追求权力的嫌疑人当时在厨房，或博迪本人在喷泉"
    },
    {
      "success": true,
      "type": "unknown",
      "explanation": "无法解析该线索的具体约束类型",
      "original_clue": "博迪死亡时与烛台同处一室"
    }
  ]
}