{
  "constraints": [
    {
      "success": true,
      "type": "unknown",
      "explanation": "无法解析该线索的具体约束类型",
      "original_clue": "应理解为\"博迪（无论生死）...\""
    },
    {
      "success": true,
      "type": "unknown",
      "explanation": "无法解析该线索的具体约束类型",
      "original_clue": "现有线索："
    },
    {
      "success": true,
      "type": "location",
      "entity1_type": "suspect",
      "entity1_value": "怀特夫人",
      "entity2_type": "location",
      "entity2_value": "工作室",
      "explanation": "怀特夫人位于工作室"
    },
    {
      "success": true,
      "type": "unknown",
      "explanation": "无法解析该线索的具体约束类型",
      "original_clue": "仇恨动机者与马蹄铁曾在工作室共处"
    },
    {
      "success": true,
      "type": "unknown",
      "explanation": "无法解析该线索的具体约束类型",
      "original_clue": "若仇恨动机者23:00在工作室，则权力动机者00:00在舞厅"
    },
    {
      "success": true,
      "type": "unknown",
      "explanation": "无法解析该线索的具体约束类型",
      "original_clue": "22:30绳索位于铅管正南方房间"
    },
    {
      "success": true,
      "type": "location",
      "entity1_type": "suspect",
      "entity1_value": "怀特夫人",
      "entity2_type": "location",
      "entity2_value": "工作室",
      "explanation": "怀特夫人位于工作室"
    },
    {
      "success": true,
      "type": "unknown",
      "explanation": "无法解析该线索的具体约束类型",
      "original_clue": "仇恨动机者23:30从工作室移动到舞厅"
    },
    {
      "success": true,
      "type": "unknown",
      "explanation": "无法解析该线索的具体约束类型",
      "original_clue": "骄傲动机者00:00将扳手从工作室移至书房"
    },
    {
      "success": true,
      "type": "location",
      "entity1_type": "suspect",
      "entity1_value": "怀特夫人",
      "entity2_type": "location",
      "entity2_value": "舞厅",
      "explanation": "怀特夫人位于舞厅"
    },
    {
      "success": true,
      "type": "location",
      "entity1_type": "suspect",
      "entity1_value": "斯佳丽小姐",
      "entity2_type": "location",
      "entity2_value": "工作室",
      "explanation": "斯佳丽小姐位于工作室"
    },
    {
      "success": true,
      "type": "unknown",
      "explanation": "无法解析该线索的具体约束类型",
      "original_clue": "22:30权力动机者与绳索同处一室"
    },
    {
      "success": true,
      "type": "location",
      "entity1_type": "suspect",
      "entity1_value": "桃小姐",
      "entity2_type": "location",
      "entity2_value": "工作室",
      "explanation": "桃小姐位于工作室"
    },
    {
      "success": true,
      "type": "unknown",
      "explanation": "无法解析该线索的具体约束类型",
      "original_clue": "背叛动机者23:30从奖杯室移动到工作室"
    },
    {
      "success": true,
      "type": "unknown",
      "explanation": "无法解析该线索的具体约束类型",
      "original_clue": "22:30餐刀位于左轮手枪正西方房间"
    },
    {
      "success": true,
      "type": "location",
      "entity1_type": "suspect",
      "entity1_value": "孔雀夫人",
      "entity2_type": "location",
      "entity2_value": "舞厅",
      "explanation": "孔雀夫人位于舞厅"
    },
    {
      "success": true,
      "type": "unknown",
      "explanation": "无法解析该线索的具体约束类型",
      "original_clue": "仇恨动机者00:00在工作室或野心动机者23:00在工作室"
    },
    {
      "success": true,
      "type": "unknown",
      "explanation": "无法解析该线索的具体约束类型",
      "original_clue": "桃小姐00:00将马蹄铁从工作室移至书房"
    },
    {
      "success": true,
      "type": "unknown",
      "explanation": "无法解析该线索的具体约束类型",
      "original_clue": "23:30绳索在奖杯室或权力动机者23:00在舞厅"
    },
    {
      "success": true,
      "type": "positive",
      "entity_type": "weapon",
      "value": "扳手",
      "explanation": "扳手是凶器"
    },
    {
      "success": true,
      "type": "unknown",
      "explanation": "无法解析该线索的具体约束类型",
      "original_clue": "怀特夫人23:00在铅管正西方房间"
    },
    {
      "success": true,
      "type": "unknown",
      "explanation": "无法解析该线索的具体约束类型",
      "original_clue": "23:00绳索在奖杯室或铅管00:00在舞厅"
    },
    {
      "success": true,
      "type": "unknown",
      "explanation": "无法解析该线索的具体约束类型",
      "original_clue": "左轮手枪00:00在书房"
    },
    {
      "success": true,
      "type": "unknown",
      "explanation": "无法解析该线索的具体约束类型",
      "original_clue": "普拉姆教授动机为权力"
    },
    {
      "success": true,
      "type": "unknown",
      "explanation": "无法解析该线索的具体约束类型",
      "original_clue": "22:30权力动机者与铅管同处一室"
    },
    {
      "success": true,
      "type": "unknown",
      "explanation": "无法解析该线索的具体约束类型",
      "original_clue": "22:30背叛动机者在奖杯室"
    },
    {
      "success": true,
      "type": "unknown",
      "explanation": "无法解析该线索的具体约束类型",
      "original_clue": "凶手00:00将餐刀从工作室移至书房"
    },
    {
      "success": true,
      "type": "location",
      "entity1_type": "suspect",
      "entity1_value": "孔雀夫人",
      "entity2_type": "location",
      "entity2_value": "工作室",
      "explanation": "孔雀夫人位于工作室"
    },
    {
      "success": true,
      "type": "location",
      "entity1_type": "suspect",
      "entity1_value": "桃小姐",
      "entity2_type": "location",
      "entity2_value": "书房",
      "explanation": "桃小姐位于书房"
    },
    {
      "success": true,
      "type": "unknown",
      "explanation": "无法解析该线索的具体约束类型",
      "original_clue": "权力动机者23:30在舞厅"
    },
    {
      "success": true,
      "type": "unknown",
      "explanation": "无法解析该线索的具体约束类型",
      "original_clue": "背叛动机者00:00从工作室移动到舞厅"
    },
    {
      "success": true,
      "type": "unknown",
      "explanation": "无法解析该线索的具体约束类型",
      "original_clue": "权力动机者23:30将左轮手枪从餐厅移至书房"
    },
    {
      "success": true,
      "type": "unknown",
      "explanation": "无法解析该线索的具体约束类型",
      "original_clue": "背叛动机者23:00从书房移动到餐厅"
    },
    {
      "success": true,
      "type": "unknown",
      "explanation": "无法解析该线索的具体约束类型",
      "original_clue": "00:00绳索位于普拉姆教授正西方房间"
    },
    {
      "success": true,
      "type": "location",
      "entity1_type": "suspect",
      "entity1_value": "格林先生",
      "entity2_type": "location",
      "entity2_value": "书房",
      "explanation": "格林先生位于书房"
    },
    {
      "success": true,
      "type": "unknown",
      "explanation": "无法解析该线索的具体约束类型",
      "original_clue": "22:30博迪与扳手同处一室"
    },
    {
      "success": true,
      "type": "unknown",
      "explanation": "无法解析该线索的具体约束类型",
      "original_clue": "00:00格林先生与孔雀夫人同处一室"
    },
    {
      "success": true,
      "type": "unknown",
      "explanation": "无法解析该线索的具体约束类型",
      "original_clue": "请回答："
    },
    {
      "success": true,
      "type": "unknown",
      "explanation": "无法解析该线索的具体约束类型",
      "original_clue": "A. 凶手是谁？"
    },
    {
      "success": true,
      "type": "unknown",
      "explanation": "无法解析该线索的具体约束类型",
      "original_clue": "B. 凶案发生在哪个房间？"
    },
    {
      "success": true,
      "type": "unknown",
      "explanation": "无法解析该线索的具体约束类型",
      "original_clue": "C. 案发时间是？"
    },
    {
      "success": true,
      "type": "unknown",
      "explanation": "无法解析该线索的具体约束类型",
      "original_clue": "D. 凶手的动机是？"
    },
    {
      "success": true,
      "type": "unknown",
      "explanation": "无法解析该线索的具体约束类型",
      "original_clue": "附加问题："
    },
    {
      "success": true,
      "type": "unknown",
      "explanation": "无法解析该线索的具体约束类型",
      "original_clue": "E. 00:00餐刀在哪个房间？"
    },
    {
      "success": true,
      "type": "unknown",
      "explanation": "无法解析该线索的具体约束类型",
      "original_clue": "F. 00:00扳手在哪个房间？"
    },
    {
      "success": true,
      "type": "unknown",
      "explanation": "无法解析该线索的具体约束类型",
      "original_clue": "G. 22:30格林先生在哪个房间？"
    },
    {
      "success": true,
      "type": "unknown",
      "explanation": "无法解析该线索的具体约束类型",
      "original_clue": "H. 23:00罗丝夫人在哪个房间？"
    },
    {
      "success": true,
      "type": "unknown",
      "explanation": "无法解析该线索的具体约束类型",
      "original_clue": "请按以下格式提交答案："
    },
    {
      "success": true,
      "type": "unknown",
      "explanation": "无法解析该线索的具体约束类型",
      "original_clue": "A. 嫌疑人"
    },
    {
      "success": true,
      "type": "unknown",
      "explanation": "无法解析该线索的具体约束类型",
      "original_clue": "B. 房间"
    },
    {
      "success": true,
      "type": "unknown",
      "explanation": "无法解析该线索的具体约束类型",
      "original_clue": "C. 时间"
    },
    {
      "success": true,
      "type": "unknown",
      "explanation": "无法解析该线索的具体约束类型",
      "original_clue": "D. 动机"
    },
    {
      "success": true,
      "type": "unknown",
      "explanation": "无法解析该线索的具体约束类型",
      "original_clue": "E. 房间"
    },
    {
      "success": true,
      "type": "unknown",
      "explanation": "无法解析该线索的具体约束类型",
      "original_clue": "F. 房间"
    },
    {
      "success": true,
      "type": "unknown",
      "explanation": "无法解析该线索的具体约束类型",
      "original_clue": "G. 房间"
    },
    {
      "success": true,
      "type": "unknown",
      "explanation": "无法解析该线索的具体约束类型",
      "original_clue": "H. 房间"
    },
    {
      "success": true,
      "type": "unknown",
      "explanation": "无法解析该线索的具体约束类型",
      "original_clue": "祝你好运，侦探。"
    }
  ]
}