{
  "constraints": [
    {
      "success": true,
      "type": "unknown",
      "explanation": "无法解析该线索的具体约束类型",
      "original_clue": "普拉姆教授的怀表链敲打桌面"
    },
    {
      "success": true,
      "type": "unknown",
      "explanation": "无法解析该线索的具体约束类型",
      "original_clue": "罗丝夫人的手套沾染鸢尾花香水味"
    },
    {
      "success": true,
      "type": "unknown",
      "explanation": "无法解析该线索的具体约束类型",
      "original_clue": "凶案成立条件：凶手与死者独处一室且现场至少存在一件凶器"
    },
    {
      "success": true,
      "type": "unknown",
      "explanation": "无法解析该线索的具体约束类型",
      "original_clue": "博迪先生死于毒药"
    },
    {
      "success": true,
      "type": "unknown",
      "explanation": "无法解析该线索的具体约束类型",
      "original_clue": "普拉姆教授的动机是『骄傲』"
    },
    {
      "success": true,
      "type": "unknown",
      "explanation": "无法解析该线索的具体约束类型",
      "original_clue": "怀『复仇』之人当时在衣帽间或烛台出现在门厅"
    },
    {
      "success": true,
      "type": "unknown",
      "explanation": "无法解析该线索的具体约束类型",
      "original_clue": "动机为『骄傲』的嫌疑人案发时在门厅"
    },
    {
      "success": true,
      "type": "location",
      "entity1_type": "suspect",
      "entity1_value": "普拉姆教授",
      "entity2_type": "location",
      "entity2_value": "衣帽间",
      "explanation": "普拉姆教授位于衣帽间"
    },
    {
      "success": true,
      "type": "unknown",
      "explanation": "无法解析该线索的具体约束类型",
      "original_clue": "门厅有打翻的雪利酒"
    },
    {
      "success": true,
      "type": "unknown",
      "explanation": "无法解析该线索的具体约束类型",
      "original_clue": "衣帽间有整面墙的貂皮大衣微微晃动"
    },
    {
      "success": true,
      "type": "unknown",
      "explanation": "无法解析该线索的具体约束类型",
      "original_clue": "指南针空间方位（北/西1东/西2东/南）"
    },
    {
      "success": true,
      "type": "unknown",
      "explanation": "无法解析该线索的具体约束类型",
      "original_clue": "纸张翻页声提及的动机：复仇与骄傲"
    }
  ]
}