{
  "constraints": [
    {
      "success": true,
      "type": "unknown",
      "explanation": "无法解析该线索的具体约束类型",
      "original_clue": "凶手23:45位于奖杯室"
    },
    {
      "success": true,
      "type": "unknown",
      "explanation": "无法解析该线索的具体约束类型",
      "original_clue": "23:45时芥末上校在格雷中士所在房间正西方"
    },
    {
      "success": true,
      "type": "unknown",
      "explanation": "无法解析该线索的具体约束类型",
      "original_clue": "00:00时铅管与孔雀夫人同处一室"
    },
    {
      "success": true,
      "type": "unknown",
      "explanation": "无法解析该线索的具体约束类型",
      "original_clue": "格雷中士00:00从奖杯室移动至厨房"
    },
    {
      "success": true,
      "type": "unknown",
      "explanation": "无法解析该线索的具体约束类型",
      "original_clue": "凶器确认为扳手"
    },
    {
      "success": true,
      "type": "unknown",
      "explanation": "无法解析该线索的具体约束类型",
      "original_clue": "23:45时博迪先生位于扳手所在房间正南方"
    },
    {
      "success": true,
      "type": "location",
      "entity1_type": "suspect",
      "entity1_value": "芥末上校",
      "entity2_type": "location",
      "entity2_value": "马车房",
      "explanation": "芥末上校位于马车房"
    },
    {
      "success": true,
      "type": "location",
      "entity1_type": "suspect",
      "entity1_value": "格雷中士",
      "entity2_type": "location",
      "entity2_value": "马车房",
      "explanation": "格雷中士位于马车房"
    },
    {
      "success": true,
      "type": "unknown",
      "explanation": "无法解析该线索的具体约束类型",
      "original_clue": "请回答："
    },
    {
      "success": true,
      "type": "unknown",
      "explanation": "无法解析该线索的具体约束类型",
      "original_clue": "A. 真凶姓名"
    },
    {
      "success": true,
      "type": "unknown",
      "explanation": "无法解析该线索的具体约束类型",
      "original_clue": "B. 案发房间"
    },
    {
      "success": true,
      "type": "unknown",
      "explanation": "无法解析该线索的具体约束类型",
      "original_clue": "C. 案发时间"
    },
    {
      "success": true,
      "type": "unknown",
      "explanation": "无法解析该线索的具体约束类型",
      "original_clue": "附加问题："
    },
    {
      "success": true,
      "type": "unknown",
      "explanation": "无法解析该线索的具体约束类型",
      "original_clue": "D. 铅管23:45所在位置"
    },
    {
      "success": true,
      "type": "unknown",
      "explanation": "无法解析该线索的具体约束类型",
      "original_clue": "E. 铅管00:00所在位置"
    },
    {
      "success": true,
      "type": "unknown",
      "explanation": "无法解析该线索的具体约束类型",
      "original_clue": "F. 孔雀夫人00:00所在位置"
    },
    {
      "success": true,
      "type": "unknown",
      "explanation": "无法解析该线索的具体约束类型",
      "original_clue": "G. 格雷中士00:00所在位置"
    },
    {
      "success": true,
      "type": "unknown",
      "explanation": "无法解析该线索的具体约束类型",
      "original_clue": "答案格式："
    },
    {
      "success": true,
      "type": "unknown",
      "explanation": "无法解析该线索的具体约束类型",
      "original_clue": "A. 嫌疑人"
    },
    {
      "success": true,
      "type": "unknown",
      "explanation": "无法解析该线索的具体约束类型",
      "original_clue": "B. 房间"
    },
    {
      "success": true,
      "type": "unknown",
      "explanation": "无法解析该线索的具体约束类型",
      "original_clue": "C. 时间"
    },
    {
      "success": true,
      "type": "unknown",
      "explanation": "无法解析该线索的具体约束类型",
      "original_clue": "D. 房间"
    },
    {
      "success": true,
      "type": "unknown",
      "explanation": "无法解析该线索的具体约束类型",
      "original_clue": "E. 房间"
    },
    {
      "success": true,
      "type": "unknown",
      "explanation": "无法解析该线索的具体约束类型",
      "original_clue": "F. 房间"
    },
    {
      "success": true,
      "type": "unknown",
      "explanation": "无法解析该线索的具体约束类型",
      "original_clue": "G. 房间"
    }
  ]
}