{
  "constraints": [
    {
      "success": true,
      "type": "unknown",
      "explanation": "无法解析该线索的具体约束类型",
      "original_clue": "如下："
    },
    {
      "success": true,
      "type": "unknown",
      "explanation": "无法解析该线索的具体约束类型",
      "original_clue": "怀特夫人与左轮手枪同处一室"
    },
    {
      "success": true,
      "type": "unknown",
      "explanation": "无法解析该线索的具体约束类型",
      "original_clue": "贪婪动机者在凉亭"
    },
    {
      "success": true,
      "type": "unknown",
      "explanation": "无法解析该线索的具体约束类型",
      "original_clue": "怀特夫人在凉亭或愤怒动机者在书房"
    },
    {
      "success": true,
      "type": "unknown",
      "explanation": "无法解析该线索的具体约束类型",
      "original_clue": "刀具在奖杯室或凶手在书房"
    },
    {
      "success": true,
      "type": "unknown",
      "explanation": "无法解析该线索的具体约束类型",
      "original_clue": "恐惧动机者在奖杯室或铅管在大厅"
    },
    {
      "success": true,
      "type": "unknown",
      "explanation": "无法解析该线索的具体约束类型",
      "original_clue": "皮考克夫人在喷泉"
    },
    {
      "success": true,
      "type": "unknown",
      "explanation": "无法解析该线索的具体约束类型",
      "original_clue": "烛台位于大厅"
    },
    {
      "success": true,
      "type": "unknown",
      "explanation": "无法解析该线索的具体约束类型",
      "original_clue": "愤怒动机者在台球室"
    },
    {
      "success": true,
      "type": "unknown",
      "explanation": "无法解析该线索的具体约束类型",
      "original_clue": "芥末上校动机为恐惧"
    },
    {
      "success": true,
      "type": "unknown",
      "explanation": "无法解析该线索的具体约束类型",
      "original_clue": "嫉妒动机者在书房或皮考克夫人在台球室"
    },
    {
      "success": true,
      "type": "unknown",
      "explanation": "无法解析该线索的具体约束类型",
      "original_clue": "凶器位于台球室"
    },
    {
      "success": true,
      "type": "unknown",
      "explanation": "无法解析该线索的具体约束类型",
      "original_clue": "皮考克夫人动机为嫉妒"
    },
    {
      "success": true,
      "type": "unknown",
      "explanation": "无法解析该线索的具体约束类型",
      "original_clue": "格雷中士位于芥末上校所在房间正北"
    },
    {
      "success": true,
      "type": "unknown",
      "explanation": "无法解析该线索的具体约束类型",
      "original_clue": "布鲁内特先生动机为恐惧"
    },
    {
      "success": true,
      "type": "unknown",
      "explanation": "无法解析该线索的具体约束类型",
      "original_clue": "斯佳丽小姐位于怀特夫人所在房间正北"
    },
    {
      "success": true,
      "type": "unknown",
      "explanation": "无法解析该线索的具体约束类型",
      "original_clue": "铅管在图书馆或凶器在庭院"
    },
    {
      "success": true,
      "type": "unknown",
      "explanation": "无法解析该线索的具体约束类型",
      "original_clue": "芥末上校与扳手同处一室"
    },
    {
      "success": true,
      "type": "unknown",
      "explanation": "无法解析该线索的具体约束类型",
      "original_clue": "铅管与绳索同处一室"
    },
    {
      "success": true,
      "type": "unknown",
      "explanation": "无法解析该线索的具体约束类型",
      "original_clue": "请回答："
    },
    {
      "success": true,
      "type": "unknown",
      "explanation": "无法解析该线索的具体约束类型",
      "original_clue": "A. 凶手姓名"
    },
    {
      "success": true,
      "type": "unknown",
      "explanation": "无法解析该线索的具体约束类型",
      "original_clue": "B. 凶器名称"
    },
    {
      "success": true,
      "type": "unknown",
      "explanation": "无法解析该线索的具体约束类型",
      "original_clue": "C. 案发房间"
    },
    {
      "success": true,
      "type": "unknown",
      "explanation": "无法解析该线索的具体约束类型",
      "original_clue": "D. 作案动机"
    },
    {
      "success": true,
      "type": "unknown",
      "explanation": "无法解析该线索的具体约束类型",
      "original_clue": "E. 布鲁内特先生所在位置"
    },
    {
      "success": true,
      "type": "unknown",
      "explanation": "无法解析该线索的具体约束类型",
      "original_clue": "F. 马蹄铁所在位置"
    },
    {
      "success": true,
      "type": "unknown",
      "explanation": "无法解析该线索的具体约束类型",
      "original_clue": "答案格式："
    },
    {
      "success": true,
      "type": "unknown",
      "explanation": "无法解析该线索的具体约束类型",
      "original_clue": "A. 嫌疑人"
    },
    {
      "success": true,
      "type": "unknown",
      "explanation": "无法解析该线索的具体约束类型",
      "original_clue": "B. 凶器"
    },
    {
      "success": true,
      "type": "unknown",
      "explanation": "无法解析该线索的具体约束类型",
      "original_clue": "C. 房间"
    },
    {
      "success": true,
      "type": "unknown",
      "explanation": "无法解析该线索的具体约束类型",
      "original_clue": "D. 动机"
    },
    {
      "success": true,
      "type": "unknown",
      "explanation": "无法解析该线索的具体约束类型",
      "original_clue": "E. 房间"
    },
    {
      "success": true,
      "type": "unknown",
      "explanation": "无法解析该线索的具体约束类型",
      "original_clue": "F. 房间"
    }
  ]
}