{
  "constraints": [
    {
      "success": true,
      "type": "positive",
      "entity_type": "weapon",
      "value": "烛台",
      "explanation": "烛台是凶器"
    },
    {
      "success": true,
      "type": "unknown",
      "explanation": "无法解析该线索的具体约束类型",
      "original_clue": "凶器与普拉姆教授所在区域重合"
    },
    {
      "success": true,
      "type": "unknown",
      "explanation": "无法解析该线索的具体约束类型",
      "original_clue": "马蹄铁位置=布鲁内特所在区域西侧相邻区"
    },
    {
      "success": true,
      "type": "positive",
      "entity_type": "weapon",
      "value": "烛台",
      "explanation": "致命伤来自烛台"
    },
    {
      "success": true,
      "type": "unknown",
      "explanation": "无法解析该线索的具体约束类型",
      "original_clue": "H类动机者与凶器位置关联性"
    }
  ]
}