{
  "constraints": [
    {
      "success": true,
      "type": "positive",
      "entity_type": "weapon",
      "value": "餐刀",
      "explanation": "餐刀是凶器"
    },
    {
      "success": true,
      "type": "location",
      "entity1_type": "suspect",
      "entity1_value": "桃小姐",
      "entity2_type": "location",
      "entity2_value": "舞厅",
      "explanation": "桃小姐位于舞厅"
    },
    {
      "success": true,
      "type": "unknown",
      "explanation": "无法解析该线索的具体约束类型",
      "original_clue": "追求权力的嫌疑人在会客厅"
    },
    {
      "success": true,
      "type": "unknown",
      "explanation": "无法解析该线索的具体约束类型",
      "original_clue": "烛台位于会客厅"
    },
    {
      "success": true,
      "type": "unknown",
      "explanation": "无法解析该线索的具体约束类型",
      "original_clue": "当且仅当心怀嫉妒的嫌疑人在会客厅时，餐刀才会出现在舞厅"
    }
  ]
}