{
  "constraints": [
    {
      "success": true,
      "type": "unknown",
      "explanation": "无法解析该线索的具体约束类型",
      "original_clue": "玫瑰夫人所在位置为芥末上校正北方向相邻区域"
    },
    {
      "success": true,
      "type": "unknown",
      "explanation": "无法解析该线索的具体约束类型",
      "original_clue": "被害人最后出现位置为黄铜烛台所在区域正南方向相邻区域"
    },
    {
      "success": true,
      "type": "unknown",
      "explanation": "无法解析该线索的具体约束类型",
      "original_clue": "当且仅当凶器位于战利品室时，具有权力动机的嫌疑人曾出现在台球室"
    }
  ]
}