{
  "constraints": [
    {
      "success": true,
      "type": "positive",
      "entity_type": "weapon",
      "value": "马蹄铁",
      "explanation": "致命伤来自马蹄铁"
    },
    {
      "success": true,
      "type": "location",
      "entity1_type": "suspect",
      "entity1_value": "猩红小姐",
      "entity2_type": "location",
      "entity2_value": "温室",
      "explanation": "猩红小姐位于温室"
    },
    {
      "success": true,
      "type": "unknown",
      "explanation": "无法解析该线索的具体约束类型",
      "original_clue": "当且仅当博迪先生在喷泉厅时，绳索在喷泉厅"
    },
    {
      "success": true,
      "type": "unknown",
      "explanation": "无法解析该线索的具体约束类型",
      "original_clue": "法医确认博迪先生最后出现的地点是喷泉厅"
    }
  ]
}