{
  "constraints": [
    {
      "success": true,
      "type": "positive",
      "entity_type": "weapon",
      "value": "左轮手枪",
      "explanation": "左轮手枪是凶器"
    },
    {
      "success": true,
      "type": "unknown",
      "explanation": "无法解析该线索的具体约束类型",
      "original_clue": "烛台在会客厅当且仅当博迪当时在会客厅"
    },
    {
      "success": true,
      "type": "unknown",
      "explanation": "无法解析该线索的具体约束类型",
      "original_clue": "左轮手枪所在房间位于桃乐茜小姐所在房间的正西方"
    }
  ]
}