{
  "constraints": [
    {
      "success": true,
      "type": "location",
      "entity1_type": "suspect",
      "entity1_value": "孔雀夫人",
      "entity2_type": "location",
      "entity2_value": "门厅",
      "explanation": "孔雀夫人位于门厅"
    },
    {
      "success": true,
      "type": "unknown",
      "explanation": "无法解析该线索的具体约束类型",
      "original_clue": "被背叛驱使的人00:00从台球室走向奖杯室（金属拖拽声）"
    },
    {
      "success": true,
      "type": "unknown",
      "explanation": "无法解析该线索的具体约束类型",
      "original_clue": "03:00猩红小姐东侧房间藏着铅管（水管异响）"
    },
    {
      "success": true,
      "type": "unknown",
      "explanation": "无法解析该线索的具体约束类型",
      "original_clue": "凶器23:00与玫瑰女士同处一室（香水味混合火药味）"
    }
  ]
}