{
  "constraints": [
    {
      "success": true,
      "type": "unknown",
      "explanation": "无法解析该线索的具体约束类型",
      "original_clue": "红小姐的珍珠耳环在午夜12点整的摄影棚里反光"
    },
    {
      "success": true,
      "type": "unknown",
      "explanation": "无法解析该线索的具体约束类型",
      "original_clue": "11:30，红小姐的香水味飘在芥末上校正北方的房间里"
    },
    {
      "success": true,
      "type": "unknown",
      "explanation": "无法解析该线索的具体约束类型",
      "original_clue": "心怀野心的两人之一，曾在午夜12点现身凉亭"
    },
    {
      "success": true,
      "type": "unknown",
      "explanation": "无法解析该线索的具体约束类型",
      "original_clue": "11:30，布伦特先生与尸体（当时还活着）共处一室"
    },
    {
      "success": true,
      "type": "unknown",
      "explanation": "无法解析该线索的具体约束类型",
      "original_clue": "12:30，有人为野心将毒药从门厅转移至厨房"
    },
    {
      "success": true,
      "type": "unknown",
      "explanation": "无法解析该线索的具体约束类型",
      "original_clue": "11:30，芥末上校所在房间的东侧——躺着匕首"
    },
    {
      "success": true,
      "type": "unknown",
      "explanation": "无法解析该线索的具体约束类型",
      "original_clue": "法医的怀表停在12:00的死亡时刻"
    },
    {
      "success": true,
      "type": "unknown",
      "explanation": "无法解析该线索的具体约束类型",
      "original_clue": "心怀恐惧的三人之一，在12:00将扳手从画室拖到摄影棚"
    },
    {
      "success": true,
      "type": "location",
      "entity1_type": "suspect",
      "entity1_value": "芥末上校",
      "entity2_type": "location",
      "entity2_value": "门厅",
      "explanation": "芥末上校位于门厅"
    },
    {
      "success": true,
      "type": "unknown",
      "explanation": "无法解析该线索的具体约束类型",
      "original_clue": "12:30，红小姐的裙摆扫过芥末上校所在房间的北侧"
    },
    {
      "success": true,
      "type": "location",
      "entity1_type": "suspect",
      "entity1_value": "普拉姆教授",
      "entity2_type": "location",
      "entity2_value": "画室",
      "explanation": "普拉姆教授位于画室"
    },
    {
      "success": true,
      "type": "unknown",
      "explanation": "无法解析该线索的具体约束类型",
      "original_clue": "红小姐的唇印留在11:00的摄影棚香槟杯沿"
    },
    {
      "success": true,
      "type": "unknown",
      "explanation": "无法解析该线索的具体约束类型",
      "original_clue": "凶手12:00的足迹从画室延伸至图书室"
    },
    {
      "success": true,
      "type": "unknown",
      "explanation": "无法解析该线索的具体约束类型",
      "original_clue": "12:30，毒药所在位置——普拉姆教授东侧房间"
    },
    {
      "success": true,
      "type": "positive",
      "entity_type": "weapon",
      "value": "麻绳",
      "explanation": "致命伤来自麻绳"
    },
    {
      "success": true,
      "type": "location",
      "entity1_type": "suspect",
      "entity1_value": "布伦特先生",
      "entity2_type": "location",
      "entity2_value": "画室",
      "explanation": "布伦特先生位于画室"
    },
    {
      "success": true,
      "type": "unknown",
      "explanation": "无法解析该线索的具体约束类型",
      "original_clue": "凶器在12:30紧贴布伦特先生的西装口袋"
    },
    {
      "success": true,
      "type": "unknown",
      "explanation": "无法解析该线索的具体约束类型",
      "original_clue": "11:00尸体（当时活着）在画室整理油画"
    },
    {
      "success": true,
      "type": "unknown",
      "explanation": "无法解析该线索的具体约束类型",
      "original_clue": "午夜12点摄影棚的麻绳与红小姐12:30动向形成矛盾"
    },
    {
      "success": true,
      "type": "unknown",
      "explanation": "无法解析该线索的具体约束类型",
      "original_clue": "11:00毒药在厨房调味架旁"
    },
    {
      "success": true,
      "type": "unknown",
      "explanation": "无法解析该线索的具体约束类型",
      "original_clue": "12:30匕首反光刺穿图书室的黑暗"
    }
  ]
}