{
  "constraints": [
    {
      "success": true,
      "type": "unknown",
      "explanation": "无法解析该线索的具体约束类型",
      "original_clue": "皮鞋跟敲击大理石地面的回声由远及近"
    },
    {
      "success": true,
      "type": "unknown",
      "explanation": "无法解析该线索的具体约束类型",
      "original_clue": "管家掐灭烛火，黑暗中有金属落地的脆响"
    },
    {
      "success": true,
      "type": "unknown",
      "explanation": "无法解析该线索的具体约束类型",
      "original_clue": "主人死在凌晨的宅邸里"
    },
    {
      "success": true,
      "type": "unknown",
      "explanation": "无法解析该线索的具体约束类型",
      "original_clue": "手电筒光束扫过墙上的血迹"
    },
    {
      "success": true,
      "type": "unknown",
      "explanation": "无法解析该线索的具体约束类型",
      "original_clue": "抽屉被猛地拉开，凶器散落宅邸各处"
    },
    {
      "success": true,
      "type": "unknown",
      "explanation": "无法解析该线索的具体约束类型",
      "original_clue": "指南针在掌心转动，命案现场锁定八个房间"
    },
    {
      "success": true,
      "type": "unknown",
      "explanation": "无法解析该线索的具体约束类型",
      "original_clue": "平面图标注着诡异移动轨迹：北北北\n西1|2|3东\n西4|5|6东\n西7|8|-东\n南南南"
    },
    {
      "success": true,
      "type": "unknown",
      "explanation": "无法解析该线索的具体约束类型",
      "original_clue": "怀表齿轮声突然停滞，死亡时间锁定六个时刻：23:00, 23:15, 23:30, 23:45, 00:00, 00:15"
    },
    {
      "success": true,
      "type": "unknown",
      "explanation": "无法解析该线索的具体约束类型",
      "original_clue": "突然响起的广播杂音：凶手必须与尸体独处一室，且现场至少存在一件凶器，动机包括权力（1人）、背叛（2人）、愤怒（3人）、恐惧（2人）"
    },
    {
      "success": true,
      "type": "unknown",
      "explanation": "无法解析该线索的具体约束类型",
      "original_clue": "关键证词："
    },
    {
      "success": true,
      "type": "location",
      "entity1_type": "suspect",
      "entity1_value": "格林先生",
      "entity2_type": "location",
      "entity2_value": "舞厅",
      "explanation": "格林先生位于舞厅"
    },
    {
      "success": true,
      "type": "unknown",
      "explanation": "无法解析该线索的具体约束类型",
      "original_clue": "- 00:00台球室藏着怀有背叛动机者"
    },
    {
      "success": true,
      "type": "unknown",
      "explanation": "无法解析该线索的具体约束类型",
      "original_clue": "- 恐惧动机者23:30从画室移步门厅"
    },
    {
      "success": true,
      "type": "unknown",
      "explanation": "无法解析该线索的具体约束类型",
      "original_clue": "- 23:00毒药在舞厅"
    },
    {
      "success": true,
      "type": "unknown",
      "explanation": "无法解析该线索的具体约束类型",
      "original_clue": "- 背叛动机者23:15从喷泉移至台球室"
    },
    {
      "success": true,
      "type": "unknown",
      "explanation": "无法解析该线索的具体约束类型",
      "original_clue": "- 23:00铅管也在舞厅"
    },
    {
      "success": true,
      "type": "unknown",
      "explanation": "无法解析该线索的具体约束类型",
      "original_clue": "- 布鲁内特23:45现身舞厅"
    },
    {
      "success": true,
      "type": "unknown",
      "explanation": "无法解析该线索的具体约束类型",
      "original_clue": "- 23:45餐刀在格林先生所在房间的西侧"
    },
    {
      "success": true,
      "type": "location",
      "entity1_type": "suspect",
      "entity1_value": "芥末上校",
      "entity2_type": "location",
      "entity2_value": "门厅",
      "explanation": "芥末上校位于门厅"
    },
    {
      "success": true,
      "type": "unknown",
      "explanation": "无法解析该线索的具体约束类型",
      "original_clue": "- 23:15烛台在餐刀所在房间的正南方"
    },
    {
      "success": true,
      "type": "unknown",
      "explanation": "无法解析该线索的具体约束类型",
      "original_clue": "- 23:45绳索在怀特夫人所在房间的正北方"
    },
    {
      "success": true,
      "type": "unknown",
      "explanation": "无法解析该线索的具体约束类型",
      "original_clue": "- 00:15舞厅里有愤怒动机者"
    },
    {
      "success": true,
      "type": "unknown",
      "explanation": "无法解析该线索的具体约束类型",
      "original_clue": "- 23:15绳索同样在怀特夫人正北方"
    },
    {
      "success": true,
      "type": "location",
      "entity1_type": "suspect",
      "entity1_value": "普拉姆教授",
      "entity2_type": "location",
      "entity2_value": "会客厅",
      "explanation": "普拉姆教授位于会客厅"
    },
    {
      "success": true,
      "type": "location",
      "entity1_type": "suspect",
      "entity1_value": "孔雀夫人",
      "entity2_type": "location",
      "entity2_value": "舞厅",
      "explanation": "孔雀夫人位于舞厅"
    },
    {
      "success": true,
      "type": "unknown",
      "explanation": "无法解析该线索的具体约束类型",
      "original_clue": "- 恐惧动机者00:00将餐刀从战利品室带至舞厅"
    },
    {
      "success": true,
      "type": "unknown",
      "explanation": "无法解析该线索的具体约束类型",
      "original_clue": "- 00:15怀特夫人在绳索正南方"
    },
    {
      "success": true,
      "type": "unknown",
      "explanation": "无法解析该线索的具体约束类型",
      "original_clue": "- 23:15扳手与餐刀同处一室"
    },
    {
      "success": true,
      "type": "unknown",
      "explanation": "无法解析该线索的具体约束类型",
      "original_clue": "- 00:00尸体在舞厅"
    },
    {
      "success": true,
      "type": "unknown",
      "explanation": "无法解析该线索的具体约束类型",
      "original_clue": "- 23:15左轮手枪在画室 ∨ 00:15烛台在门厅"
    },
    {
      "success": true,
      "type": "unknown",
      "explanation": "无法解析该线索的具体约束类型",
      "original_clue": "- 23:15尸体在舞厅"
    },
    {
      "success": true,
      "type": "unknown",
      "explanation": "无法解析该线索的具体约束类型",
      "original_clue": "- 00:15普拉姆教授在孔雀夫人正北方"
    },
    {
      "success": true,
      "type": "location",
      "entity1_type": "suspect",
      "entity1_value": "格雷中士",
      "entity2_type": "location",
      "entity2_value": "台球室",
      "explanation": "格雷中士位于台球室"
    },
    {
      "success": true,
      "type": "unknown",
      "explanation": "无法解析该线索的具体约束类型",
      "original_clue": "- 凶手23:45从喷泉移至舞厅"
    },
    {
      "success": true,
      "type": "unknown",
      "explanation": "无法解析该线索的具体约束类型",
      "original_clue": "- 23:45铅管仍在舞厅"
    },
    {
      "success": true,
      "type": "unknown",
      "explanation": "无法解析该线索的具体约束类型",
      "original_clue": "- 凶手23:00在厨房"
    },
    {
      "success": true,
      "type": "location",
      "entity1_type": "suspect",
      "entity1_value": "格林先生",
      "entity2_type": "location",
      "entity2_value": "门厅",
      "explanation": "格林先生位于门厅"
    },
    {
      "success": true,
      "type": "unknown",
      "explanation": "无法解析该线索的具体约束类型",
      "original_clue": "- 背叛动机者00:15将毒药从战利品室带至舞厅"
    },
    {
      "success": true,
      "type": "unknown",
      "explanation": "无法解析该线索的具体约束类型",
      "original_clue": "- 00:15左轮手枪在门厅 ⇔ 23:30左轮手枪在会客厅"
    },
    {
      "success": true,
      "type": "location",
      "entity1_type": "suspect",
      "entity1_value": "桃小姐",
      "entity2_type": "location",
      "entity2_value": "战利品室",
      "explanation": "桃小姐位于战利品室"
    },
    {
      "success": true,
      "type": "unknown",
      "explanation": "无法解析该线索的具体约束类型",
      "original_clue": "- 23:45尸体在舞厅"
    },
    {
      "success": true,
      "type": "unknown",
      "explanation": "无法解析该线索的具体约束类型",
      "original_clue": "- 23:00尸体与铅管同处一室"
    },
    {
      "success": true,
      "type": "unknown",
      "explanation": "无法解析该线索的具体约束类型",
      "original_clue": "- 23:00烛台在门厅"
    },
    {
      "success": true,
      "type": "unknown",
      "explanation": "无法解析该线索的具体约束类型",
      "original_clue": "- 23:30舞厅里有愤怒动机者"
    },
    {
      "success": true,
      "type": "unknown",
      "explanation": "无法解析该线索的具体约束类型",
      "original_clue": "- 00:15普拉姆教授在扳手正南方"
    },
    {
      "success": true,
      "type": "unknown",
      "explanation": "无法解析该线索的具体约束类型",
      "original_clue": "- 23:30舞厅有恐惧动机者 ⇔ 23:30舞厅有背叛动机者"
    },
    {
      "success": true,
      "type": "unknown",
      "explanation": "无法解析该线索的具体约束类型",
      "original_clue": "- 23:15舞厅有背叛动机者"
    },
    {
      "success": true,
      "type": "unknown",
      "explanation": "无法解析该线索的具体约束类型",
      "original_clue": "- 芥末上校00:15现身画室"
    },
    {
      "success": true,
      "type": "unknown",
      "explanation": "无法解析该线索的具体约束类型",
      "original_clue": "- 普拉姆教授23:15从会客厅移至战利品室"
    },
    {
      "success": true,
      "type": "unknown",
      "explanation": "无法解析该线索的具体约束类型",
      "original_clue": "- 23:00马蹄铁在战利品室"
    },
    {
      "success": true,
      "type": "location",
      "entity1_type": "suspect",
      "entity1_value": "孔雀夫人",
      "entity2_type": "location",
      "entity2_value": "门厅",
      "explanation": "孔雀夫人位于门厅"
    },
    {
      "success": true,
      "type": "unknown",
      "explanation": "无法解析该线索的具体约束类型",
      "original_clue": "- 布鲁内特23:15在舞厅"
    },
    {
      "success": true,
      "type": "unknown",
      "explanation": "无法解析该线索的具体约束类型",
      "original_clue": "- 愤怒动机者23:45从喷泉移至舞厅"
    },
    {
      "success": true,
      "type": "unknown",
      "explanation": "无法解析该线索的具体约束类型",
      "original_clue": "- 00:00舞厅有恐惧动机者 ⇔ 23:45门厅有恐惧动机者"
    },
    {
      "success": true,
      "type": "unknown",
      "explanation": "无法解析该线索的具体约束类型",
      "original_clue": "- 芥末上校23:30从会客厅移至门厅"
    },
    {
      "success": true,
      "type": "unknown",
      "explanation": "无法解析该线索的具体约束类型",
      "original_clue": "- 愤怒动机者23:45将餐刀从会客厅带至战利品室"
    },
    {
      "success": true,
      "type": "unknown",
      "explanation": "无法解析该线索的具体约束类型",
      "original_clue": "- 布鲁内特00:00在舞厅"
    },
    {
      "success": true,
      "type": "unknown",
      "explanation": "无法解析该线索的具体约束类型",
      "original_clue": "- 格雷中士00:00从舞厅移至厨房"
    },
    {
      "success": true,
      "type": "location",
      "entity1_type": "suspect",
      "entity1_value": "格林先生",
      "entity2_type": "location",
      "entity2_value": "舞厅",
      "explanation": "格林先生位于舞厅"
    },
    {
      "success": true,
      "type": "unknown",
      "explanation": "无法解析该线索的具体约束类型",
      "original_clue": "- 00:00铅管在舞厅"
    },
    {
      "success": true,
      "type": "unknown",
      "explanation": "无法解析该线索的具体约束类型",
      "original_clue": "- 23:30尸体在舞厅"
    },
    {
      "success": true,
      "type": "unknown",
      "explanation": "无法解析该线索的具体约束类型",
      "original_clue": "- 桃小姐23:45将毒药从舞厅带至战利品室"
    },
    {
      "success": true,
      "type": "location",
      "entity1_type": "suspect",
      "entity1_value": "孔雀夫人",
      "entity2_type": "location",
      "entity2_value": "门厅",
      "explanation": "孔雀夫人位于门厅"
    },
    {
      "success": true,
      "type": "unknown",
      "explanation": "无法解析该线索的具体约束类型",
      "original_clue": "- 桃小姐00:00将马蹄铁从战利品室带至舞厅"
    },
    {
      "success": true,
      "type": "unknown",
      "explanation": "无法解析该线索的具体约束类型",
      "original_clue": "- 23:30台球室有背叛动机者"
    }
  ]
}